{
  "service": {
    "service": "serverless-todo-app",
    "serviceObject": {
      "name": "serverless-todo-app"
    },
    "provider": {
      "name": "aws",
      "runtime": "nodejs12.x",
      "lambdaHashingVersion": "20201221",
      "stage": "dev",
      "region": "us-east-1",
      "tracing": {
        "lambda": true,
        "apiGateway": true
      },
      "environment": {
        "REGION": "us-east-1",
        "TODOS_TABLE": "TodosDB-dev",
        "TODOS_CREATED_AT_INDEX": "CreatedAtIndex",
        "ATTACHMENT_S3_BUCKET": "ganeshkasi-serverless-bucket-dev",
        "SIGNED_URL_EXPIRATION": "300"
      },
      "logs": {
        "restApi": {
          "format": "{\"requestTime\":\"$context.requestTime\",\"requestId\":\"$context.requestId\",\"apiId\":\"$context.apiId\",\"resourceId\":\"$context.resourceId\",\"resourcePath\":\"$context.resourcePath\",\"path\":\"$context.path\",\"httpMethod\":\"$context.httpMethod\",\"status\":\"$context.status\",\"authLatency\":\"$context.authorizer.integrationLatency\",\"integrationLatency\":\"$context.integrationLatency\",\"integrationStatus\":\"$context.integrationStatus\",\"responseLatency\":\"$context.responseLatency\",\"responseLength\":\"$context.responseLength\",\"errorMessage\":\"$context.error.message\",\"format\":\"SLS_ACCESS_LOG\",\"version\":\"1.0.0\"}"
        }
      },
      "versionFunctions": true,
      "compiledCloudFormationTemplate": {
        "AWSTemplateFormatVersion": "2010-09-09",
        "Description": "The AWS CloudFormation template for this Serverless application",
        "Resources": {
          "ServerlessDeploymentBucket": {
            "Type": "AWS::S3::Bucket",
            "Properties": {
              "BucketEncryption": {
                "ServerSideEncryptionConfiguration": [
                  {
                    "ServerSideEncryptionByDefault": {
                      "SSEAlgorithm": "AES256"
                    }
                  }
                ]
              }
            }
          },
          "ServerlessDeploymentBucketPolicy": {
            "Type": "AWS::S3::BucketPolicy",
            "Properties": {
              "Bucket": {
                "Ref": "ServerlessDeploymentBucket"
              },
              "PolicyDocument": {
                "Statement": [
                  {
                    "Action": "s3:*",
                    "Effect": "Deny",
                    "Principal": "*",
                    "Resource": [
                      {
                        "Fn::Join": [
                          "",
                          [
                            "arn:",
                            {
                              "Ref": "AWS::Partition"
                            },
                            ":s3:::",
                            {
                              "Ref": "ServerlessDeploymentBucket"
                            },
                            "/*"
                          ]
                        ]
                      },
                      {
                        "Fn::Join": [
                          "",
                          [
                            "arn:",
                            {
                              "Ref": "AWS::Partition"
                            },
                            ":s3:::",
                            {
                              "Ref": "ServerlessDeploymentBucket"
                            }
                          ]
                        ]
                      }
                    ],
                    "Condition": {
                      "Bool": {
                        "aws:SecureTransport": false
                      }
                    }
                  }
                ]
              }
            }
          },
          "AuthLogGroup": {
            "Type": "AWS::Logs::LogGroup",
            "Properties": {
              "LogGroupName": "/aws/lambda/serverless-todo-app-dev-Auth"
            }
          },
          "GetTodosLogGroup": {
            "Type": "AWS::Logs::LogGroup",
            "Properties": {
              "LogGroupName": "/aws/lambda/serverless-todo-app-dev-GetTodos"
            }
          },
          "CreateTodoLogGroup": {
            "Type": "AWS::Logs::LogGroup",
            "Properties": {
              "LogGroupName": "/aws/lambda/serverless-todo-app-dev-CreateTodo"
            }
          },
          "UpdateTodoLogGroup": {
            "Type": "AWS::Logs::LogGroup",
            "Properties": {
              "LogGroupName": "/aws/lambda/serverless-todo-app-dev-UpdateTodo"
            }
          },
          "DeleteTodoLogGroup": {
            "Type": "AWS::Logs::LogGroup",
            "Properties": {
              "LogGroupName": "/aws/lambda/serverless-todo-app-dev-DeleteTodo"
            }
          },
          "GenerateUploadUrlLogGroup": {
            "Type": "AWS::Logs::LogGroup",
            "Properties": {
              "LogGroupName": "/aws/lambda/serverless-todo-app-dev-GenerateUploadUrl"
            }
          },
          "IamRoleLambdaExecution": {
            "Type": "AWS::IAM::Role",
            "Properties": {
              "AssumeRolePolicyDocument": {
                "Version": "2012-10-17",
                "Statement": [
                  {
                    "Effect": "Allow",
                    "Principal": {
                      "Service": [
                        "lambda.amazonaws.com"
                      ]
                    },
                    "Action": [
                      "sts:AssumeRole"
                    ]
                  }
                ]
              },
              "Policies": [
                {
                  "PolicyName": {
                    "Fn::Join": [
                      "-",
                      [
                        "serverless-todo-app",
                        "dev",
                        "lambda"
                      ]
                    ]
                  },
                  "PolicyDocument": {
                    "Version": "2012-10-17",
                    "Statement": [
                      {
                        "Effect": "Allow",
                        "Action": [
                          "logs:CreateLogStream",
                          "logs:CreateLogGroup"
                        ],
                        "Resource": [
                          {
                            "Fn::Sub": "arn:${AWS::Partition}:logs:${AWS::Region}:${AWS::AccountId}:log-group:/aws/lambda/serverless-todo-app-dev*:*"
                          }
                        ]
                      },
                      {
                        "Effect": "Allow",
                        "Action": [
                          "logs:PutLogEvents"
                        ],
                        "Resource": [
                          {
                            "Fn::Sub": "arn:${AWS::Partition}:logs:${AWS::Region}:${AWS::AccountId}:log-group:/aws/lambda/serverless-todo-app-dev*:*:*"
                          }
                        ]
                      },
                      {
                        "Effect": "Allow",
                        "Action": [
                          "xray:PutTraceSegments",
                          "xray:PutTelemetryRecords"
                        ],
                        "Resource": [
                          "*"
                        ]
                      }
                    ]
                  }
                }
              ],
              "Path": "/",
              "RoleName": {
                "Fn::Join": [
                  "-",
                  [
                    "serverless-todo-app",
                    "dev",
                    {
                      "Ref": "AWS::Region"
                    },
                    "lambdaRole"
                  ]
                ]
              }
            }
          },
          "EnterpriseLogAccessIamRole": {
            "Type": "AWS::IAM::Role",
            "Properties": {
              "AssumeRolePolicyDocument": {
                "Version": "2012-10-17",
                "Statement": [
                  {
                    "Effect": "Allow",
                    "Principal": {
                      "AWS": "arn:aws:iam::802587217904:root"
                    },
                    "Action": "sts:AssumeRole",
                    "Condition": {
                      "StringEquals": {
                        "sts:ExternalId": "ServerlessEnterprise-84f9da97-9f16-42bd-802b-57953235c843"
                      }
                    }
                  }
                ]
              },
              "Policies": [
                {
                  "PolicyName": "LogFilterAccess",
                  "PolicyDocument": {
                    "Version": "2012-10-17",
                    "Statement": [
                      {
                        "Effect": "Allow",
                        "Action": [
                          "logs:FilterLogEvents"
                        ],
                        "Resource": [
                          {
                            "Fn::GetAtt": [
                              "AuthLogGroup",
                              "Arn"
                            ]
                          },
                          {
                            "Fn::GetAtt": [
                              "GetTodosLogGroup",
                              "Arn"
                            ]
                          },
                          {
                            "Fn::GetAtt": [
                              "CreateTodoLogGroup",
                              "Arn"
                            ]
                          },
                          {
                            "Fn::GetAtt": [
                              "UpdateTodoLogGroup",
                              "Arn"
                            ]
                          },
                          {
                            "Fn::GetAtt": [
                              "DeleteTodoLogGroup",
                              "Arn"
                            ]
                          },
                          {
                            "Fn::GetAtt": [
                              "GenerateUploadUrlLogGroup",
                              "Arn"
                            ]
                          }
                        ]
                      }
                    ]
                  }
                }
              ]
            }
          },
          "AuthLambdaFunction": {
            "Type": "AWS::Lambda::Function",
            "Properties": {
              "Code": {
                "S3Bucket": {
                  "Ref": "ServerlessDeploymentBucket"
                },
                "S3Key": "serverless/serverless-todo-app/dev/1672741895057-2023-01-03T10:31:35.057Z/serverless-todo-app.zip"
              },
              "Handler": "s_Auth.handler",
              "Runtime": "nodejs12.x",
              "FunctionName": "serverless-todo-app-dev-Auth",
              "MemorySize": 1024,
              "Timeout": 6,
              "TracingConfig": {
                "Mode": "PassThrough"
              },
              "Environment": {
                "Variables": {
                  "REGION": "us-east-1",
                  "TODOS_TABLE": "TodosDB-dev",
                  "TODOS_CREATED_AT_INDEX": "CreatedAtIndex",
                  "ATTACHMENT_S3_BUCKET": "ganeshkasi-serverless-bucket-dev",
                  "SIGNED_URL_EXPIRATION": "300"
                }
              },
              "Role": {
                "Fn::GetAtt": [
                  "AuthIamRoleLambdaExecution",
                  "Arn"
                ]
              }
            },
            "DependsOn": [
              "AuthIamRoleLambdaExecution",
              "AuthLogGroup"
            ]
          },
          "GetTodosLambdaFunction": {
            "Type": "AWS::Lambda::Function",
            "Properties": {
              "Code": {
                "S3Bucket": {
                  "Ref": "ServerlessDeploymentBucket"
                },
                "S3Key": "serverless/serverless-todo-app/dev/1672741895057-2023-01-03T10:31:35.057Z/serverless-todo-app.zip"
              },
              "Handler": "s_GetTodos.handler",
              "Runtime": "nodejs12.x",
              "FunctionName": "serverless-todo-app-dev-GetTodos",
              "MemorySize": 1024,
              "Timeout": 6,
              "TracingConfig": {
                "Mode": "PassThrough"
              },
              "Environment": {
                "Variables": {
                  "REGION": "us-east-1",
                  "TODOS_TABLE": "TodosDB-dev",
                  "TODOS_CREATED_AT_INDEX": "CreatedAtIndex",
                  "ATTACHMENT_S3_BUCKET": "ganeshkasi-serverless-bucket-dev",
                  "SIGNED_URL_EXPIRATION": "300"
                }
              },
              "Role": {
                "Fn::GetAtt": [
                  "GetTodosIamRoleLambdaExecution",
                  "Arn"
                ]
              }
            },
            "DependsOn": [
              "GetTodosIamRoleLambdaExecution",
              "GetTodosLogGroup"
            ]
          },
          "CreateTodoLambdaFunction": {
            "Type": "AWS::Lambda::Function",
            "Properties": {
              "Code": {
                "S3Bucket": {
                  "Ref": "ServerlessDeploymentBucket"
                },
                "S3Key": "serverless/serverless-todo-app/dev/1672741895057-2023-01-03T10:31:35.057Z/serverless-todo-app.zip"
              },
              "Handler": "s_CreateTodo.handler",
              "Runtime": "nodejs12.x",
              "FunctionName": "serverless-todo-app-dev-CreateTodo",
              "MemorySize": 1024,
              "Timeout": 6,
              "TracingConfig": {
                "Mode": "PassThrough"
              },
              "Environment": {
                "Variables": {
                  "REGION": "us-east-1",
                  "TODOS_TABLE": "TodosDB-dev",
                  "TODOS_CREATED_AT_INDEX": "CreatedAtIndex",
                  "ATTACHMENT_S3_BUCKET": "ganeshkasi-serverless-bucket-dev",
                  "SIGNED_URL_EXPIRATION": "300"
                }
              },
              "Role": {
                "Fn::GetAtt": [
                  "CreateTodoIamRoleLambdaExecution",
                  "Arn"
                ]
              }
            },
            "DependsOn": [
              "CreateTodoIamRoleLambdaExecution",
              "CreateTodoLogGroup"
            ]
          },
          "UpdateTodoLambdaFunction": {
            "Type": "AWS::Lambda::Function",
            "Properties": {
              "Code": {
                "S3Bucket": {
                  "Ref": "ServerlessDeploymentBucket"
                },
                "S3Key": "serverless/serverless-todo-app/dev/1672741895057-2023-01-03T10:31:35.057Z/serverless-todo-app.zip"
              },
              "Handler": "s_UpdateTodo.handler",
              "Runtime": "nodejs12.x",
              "FunctionName": "serverless-todo-app-dev-UpdateTodo",
              "MemorySize": 1024,
              "Timeout": 6,
              "TracingConfig": {
                "Mode": "PassThrough"
              },
              "Environment": {
                "Variables": {
                  "REGION": "us-east-1",
                  "TODOS_TABLE": "TodosDB-dev",
                  "TODOS_CREATED_AT_INDEX": "CreatedAtIndex",
                  "ATTACHMENT_S3_BUCKET": "ganeshkasi-serverless-bucket-dev",
                  "SIGNED_URL_EXPIRATION": "300"
                }
              },
              "Role": {
                "Fn::GetAtt": [
                  "UpdateTodoIamRoleLambdaExecution",
                  "Arn"
                ]
              }
            },
            "DependsOn": [
              "UpdateTodoIamRoleLambdaExecution",
              "UpdateTodoLogGroup"
            ]
          },
          "DeleteTodoLambdaFunction": {
            "Type": "AWS::Lambda::Function",
            "Properties": {
              "Code": {
                "S3Bucket": {
                  "Ref": "ServerlessDeploymentBucket"
                },
                "S3Key": "serverless/serverless-todo-app/dev/1672741895057-2023-01-03T10:31:35.057Z/serverless-todo-app.zip"
              },
              "Handler": "s_DeleteTodo.handler",
              "Runtime": "nodejs12.x",
              "FunctionName": "serverless-todo-app-dev-DeleteTodo",
              "MemorySize": 1024,
              "Timeout": 6,
              "TracingConfig": {
                "Mode": "PassThrough"
              },
              "Environment": {
                "Variables": {
                  "REGION": "us-east-1",
                  "TODOS_TABLE": "TodosDB-dev",
                  "TODOS_CREATED_AT_INDEX": "CreatedAtIndex",
                  "ATTACHMENT_S3_BUCKET": "ganeshkasi-serverless-bucket-dev",
                  "SIGNED_URL_EXPIRATION": "300"
                }
              },
              "Role": {
                "Fn::GetAtt": [
                  "DeleteTodoIamRoleLambdaExecution",
                  "Arn"
                ]
              }
            },
            "DependsOn": [
              "DeleteTodoIamRoleLambdaExecution",
              "DeleteTodoLogGroup"
            ]
          },
          "GenerateUploadUrlLambdaFunction": {
            "Type": "AWS::Lambda::Function",
            "Properties": {
              "Code": {
                "S3Bucket": {
                  "Ref": "ServerlessDeploymentBucket"
                },
                "S3Key": "serverless/serverless-todo-app/dev/1672741895057-2023-01-03T10:31:35.057Z/serverless-todo-app.zip"
              },
              "Handler": "s_GenerateUploadUrl.handler",
              "Runtime": "nodejs12.x",
              "FunctionName": "serverless-todo-app-dev-GenerateUploadUrl",
              "MemorySize": 1024,
              "Timeout": 6,
              "TracingConfig": {
                "Mode": "PassThrough"
              },
              "Environment": {
                "Variables": {
                  "REGION": "us-east-1",
                  "TODOS_TABLE": "TodosDB-dev",
                  "TODOS_CREATED_AT_INDEX": "CreatedAtIndex",
                  "ATTACHMENT_S3_BUCKET": "ganeshkasi-serverless-bucket-dev",
                  "SIGNED_URL_EXPIRATION": "300"
                }
              },
              "Role": {
                "Fn::GetAtt": [
                  "GenerateUploadUrlIamRoleLambdaExecution",
                  "Arn"
                ]
              }
            },
            "DependsOn": [
              "GenerateUploadUrlIamRoleLambdaExecution",
              "GenerateUploadUrlLogGroup"
            ]
          },
          "AuthLambdaVersion19uWrrwEJvpoP4Cy3Fy92F3AewYZ3U7x96SMOZoz0": {
            "Type": "AWS::Lambda::Version",
            "DeletionPolicy": "Retain",
            "Properties": {
              "FunctionName": {
                "Ref": "AuthLambdaFunction"
              },
              "CodeSha256": "B+1EhQLJBuhOYA1rSo+XZlQ+W1gaN86vFiE5mndATA8="
            }
          },
          "GetTodosLambdaVersionqXjGeDsQqjGhDZQ6sXppYCMeCk2pnSSXI2AW4r8Nc": {
            "Type": "AWS::Lambda::Version",
            "DeletionPolicy": "Retain",
            "Properties": {
              "FunctionName": {
                "Ref": "GetTodosLambdaFunction"
              },
              "CodeSha256": "B+1EhQLJBuhOYA1rSo+XZlQ+W1gaN86vFiE5mndATA8="
            }
          },
          "CreateTodoLambdaVersionAku8n25GRfnqd3ZYlPTftxVwGnRS07S8wYkqszOYEoc": {
            "Type": "AWS::Lambda::Version",
            "DeletionPolicy": "Retain",
            "Properties": {
              "FunctionName": {
                "Ref": "CreateTodoLambdaFunction"
              },
              "CodeSha256": "B+1EhQLJBuhOYA1rSo+XZlQ+W1gaN86vFiE5mndATA8="
            }
          },
          "UpdateTodoLambdaVersionefdyh6yIoQgMBnZ02aTiWEp25z3ZP2FcQY0mF86wjw": {
            "Type": "AWS::Lambda::Version",
            "DeletionPolicy": "Retain",
            "Properties": {
              "FunctionName": {
                "Ref": "UpdateTodoLambdaFunction"
              },
              "CodeSha256": "B+1EhQLJBuhOYA1rSo+XZlQ+W1gaN86vFiE5mndATA8="
            }
          },
          "DeleteTodoLambdaVersion8OLFHUTv0c3hm3UUy48p8HWVJTWMJ4KNE20SdMnscs": {
            "Type": "AWS::Lambda::Version",
            "DeletionPolicy": "Retain",
            "Properties": {
              "FunctionName": {
                "Ref": "DeleteTodoLambdaFunction"
              },
              "CodeSha256": "B+1EhQLJBuhOYA1rSo+XZlQ+W1gaN86vFiE5mndATA8="
            }
          },
          "GenerateUploadUrlLambdaVersion5u5Uhggryo3NE78OlgQwilKsSWOAGiO4BmCGAdAlc": {
            "Type": "AWS::Lambda::Version",
            "DeletionPolicy": "Retain",
            "Properties": {
              "FunctionName": {
                "Ref": "GenerateUploadUrlLambdaFunction"
              },
              "CodeSha256": "B+1EhQLJBuhOYA1rSo+XZlQ+W1gaN86vFiE5mndATA8="
            }
          },
          "ApiGatewayRestApi": {
            "Type": "AWS::ApiGateway::RestApi",
            "Properties": {
              "Name": "dev-serverless-todo-app",
              "EndpointConfiguration": {
                "Types": [
                  "EDGE"
                ]
              },
              "Policy": ""
            }
          },
          "ApiGatewayResourceTodos": {
            "Type": "AWS::ApiGateway::Resource",
            "Properties": {
              "ParentId": {
                "Fn::GetAtt": [
                  "ApiGatewayRestApi",
                  "RootResourceId"
                ]
              },
              "PathPart": "todos",
              "RestApiId": {
                "Ref": "ApiGatewayRestApi"
              }
            }
          },
          "ApiGatewayResourceTodosTodoidVar": {
            "Type": "AWS::ApiGateway::Resource",
            "Properties": {
              "ParentId": {
                "Ref": "ApiGatewayResourceTodos"
              },
              "PathPart": "{todoId}",
              "RestApiId": {
                "Ref": "ApiGatewayRestApi"
              }
            }
          },
          "ApiGatewayResourceTodosTodoidVarAttachment": {
            "Type": "AWS::ApiGateway::Resource",
            "Properties": {
              "ParentId": {
                "Ref": "ApiGatewayResourceTodosTodoidVar"
              },
              "PathPart": "attachment",
              "RestApiId": {
                "Ref": "ApiGatewayRestApi"
              }
            }
          },
          "ApiGatewayMethodTodosOptions": {
            "Type": "AWS::ApiGateway::Method",
            "Properties": {
              "AuthorizationType": "NONE",
              "HttpMethod": "OPTIONS",
              "MethodResponses": [
                {
                  "StatusCode": "200",
                  "ResponseParameters": {
                    "method.response.header.Access-Control-Allow-Origin": true,
                    "method.response.header.Access-Control-Allow-Headers": true,
                    "method.response.header.Access-Control-Allow-Methods": true
                  },
                  "ResponseModels": {}
                }
              ],
              "RequestParameters": {},
              "Integration": {
                "Type": "MOCK",
                "RequestTemplates": {
                  "application/json": "{statusCode:200}"
                },
                "ContentHandling": "CONVERT_TO_TEXT",
                "IntegrationResponses": [
                  {
                    "StatusCode": "200",
                    "ResponseParameters": {
                      "method.response.header.Access-Control-Allow-Origin": "'*'",
                      "method.response.header.Access-Control-Allow-Headers": "'Content-Type,X-Amz-Date,Authorization,X-Api-Key,X-Amz-Security-Token,X-Amz-User-Agent'",
                      "method.response.header.Access-Control-Allow-Methods": "'OPTIONS,POST,GET'"
                    },
                    "ResponseTemplates": {
                      "application/json": ""
                    }
                  }
                ]
              },
              "ResourceId": {
                "Ref": "ApiGatewayResourceTodos"
              },
              "RestApiId": {
                "Ref": "ApiGatewayRestApi"
              }
            }
          },
          "ApiGatewayMethodTodosTodoidVarOptions": {
            "Type": "AWS::ApiGateway::Method",
            "Properties": {
              "AuthorizationType": "NONE",
              "HttpMethod": "OPTIONS",
              "MethodResponses": [
                {
                  "StatusCode": "200",
                  "ResponseParameters": {
                    "method.response.header.Access-Control-Allow-Origin": true,
                    "method.response.header.Access-Control-Allow-Headers": true,
                    "method.response.header.Access-Control-Allow-Methods": true
                  },
                  "ResponseModels": {}
                }
              ],
              "RequestParameters": {},
              "Integration": {
                "Type": "MOCK",
                "RequestTemplates": {
                  "application/json": "{statusCode:200}"
                },
                "ContentHandling": "CONVERT_TO_TEXT",
                "IntegrationResponses": [
                  {
                    "StatusCode": "200",
                    "ResponseParameters": {
                      "method.response.header.Access-Control-Allow-Origin": "'*'",
                      "method.response.header.Access-Control-Allow-Headers": "'Content-Type,X-Amz-Date,Authorization,X-Api-Key,X-Amz-Security-Token,X-Amz-User-Agent'",
                      "method.response.header.Access-Control-Allow-Methods": "'OPTIONS,DELETE,PATCH'"
                    },
                    "ResponseTemplates": {
                      "application/json": ""
                    }
                  }
                ]
              },
              "ResourceId": {
                "Ref": "ApiGatewayResourceTodosTodoidVar"
              },
              "RestApiId": {
                "Ref": "ApiGatewayRestApi"
              }
            }
          },
          "ApiGatewayMethodTodosTodoidVarAttachmentOptions": {
            "Type": "AWS::ApiGateway::Method",
            "Properties": {
              "AuthorizationType": "NONE",
              "HttpMethod": "OPTIONS",
              "MethodResponses": [
                {
                  "StatusCode": "200",
                  "ResponseParameters": {
                    "method.response.header.Access-Control-Allow-Origin": true,
                    "method.response.header.Access-Control-Allow-Headers": true,
                    "method.response.header.Access-Control-Allow-Methods": true
                  },
                  "ResponseModels": {}
                }
              ],
              "RequestParameters": {},
              "Integration": {
                "Type": "MOCK",
                "RequestTemplates": {
                  "application/json": "{statusCode:200}"
                },
                "ContentHandling": "CONVERT_TO_TEXT",
                "IntegrationResponses": [
                  {
                    "StatusCode": "200",
                    "ResponseParameters": {
                      "method.response.header.Access-Control-Allow-Origin": "'*'",
                      "method.response.header.Access-Control-Allow-Headers": "'Content-Type,X-Amz-Date,Authorization,X-Api-Key,X-Amz-Security-Token,X-Amz-User-Agent'",
                      "method.response.header.Access-Control-Allow-Methods": "'OPTIONS,POST'"
                    },
                    "ResponseTemplates": {
                      "application/json": ""
                    }
                  }
                ]
              },
              "ResourceId": {
                "Ref": "ApiGatewayResourceTodosTodoidVarAttachment"
              },
              "RestApiId": {
                "Ref": "ApiGatewayRestApi"
              }
            }
          },
          "ApiGatewayMethodTodosGet": {
            "Type": "AWS::ApiGateway::Method",
            "Properties": {
              "HttpMethod": "GET",
              "RequestParameters": {},
              "ResourceId": {
                "Ref": "ApiGatewayResourceTodos"
              },
              "RestApiId": {
                "Ref": "ApiGatewayRestApi"
              },
              "ApiKeyRequired": false,
              "AuthorizationType": "CUSTOM",
              "AuthorizerId": {
                "Ref": "AuthApiGatewayAuthorizer"
              },
              "Integration": {
                "IntegrationHttpMethod": "POST",
                "Type": "AWS_PROXY",
                "Uri": {
                  "Fn::Join": [
                    "",
                    [
                      "arn:",
                      {
                        "Ref": "AWS::Partition"
                      },
                      ":apigateway:",
                      {
                        "Ref": "AWS::Region"
                      },
                      ":lambda:path/2015-03-31/functions/",
                      {
                        "Fn::GetAtt": [
                          "GetTodosLambdaFunction",
                          "Arn"
                        ]
                      },
                      "/invocations"
                    ]
                  ]
                }
              },
              "MethodResponses": []
            },
            "DependsOn": "AuthApiGatewayAuthorizer"
          },
          "ApiGatewayMethodTodosPost": {
            "Type": "AWS::ApiGateway::Method",
            "Properties": {
              "HttpMethod": "POST",
              "RequestParameters": {},
              "ResourceId": {
                "Ref": "ApiGatewayResourceTodos"
              },
              "RestApiId": {
                "Ref": "ApiGatewayRestApi"
              },
              "ApiKeyRequired": false,
              "AuthorizationType": "CUSTOM",
              "AuthorizerId": {
                "Ref": "AuthApiGatewayAuthorizer"
              },
              "Integration": {
                "IntegrationHttpMethod": "POST",
                "Type": "AWS_PROXY",
                "Uri": {
                  "Fn::Join": [
                    "",
                    [
                      "arn:",
                      {
                        "Ref": "AWS::Partition"
                      },
                      ":apigateway:",
                      {
                        "Ref": "AWS::Region"
                      },
                      ":lambda:path/2015-03-31/functions/",
                      {
                        "Fn::GetAtt": [
                          "CreateTodoLambdaFunction",
                          "Arn"
                        ]
                      },
                      "/invocations"
                    ]
                  ]
                }
              },
              "MethodResponses": [],
              "RequestValidatorId": {
                "Ref": "RequestBodyValidator"
              },
              "RequestModels": {
                "application/json": {
                  "Ref": "ApiGatewayMethodTodosPostApplicationJsonModel"
                }
              }
            },
            "DependsOn": "AuthApiGatewayAuthorizer"
          },
          "ApiGatewayMethodTodosTodoidVarPatch": {
            "Type": "AWS::ApiGateway::Method",
            "Properties": {
              "HttpMethod": "PATCH",
              "RequestParameters": {},
              "ResourceId": {
                "Ref": "ApiGatewayResourceTodosTodoidVar"
              },
              "RestApiId": {
                "Ref": "ApiGatewayRestApi"
              },
              "ApiKeyRequired": false,
              "AuthorizationType": "CUSTOM",
              "AuthorizerId": {
                "Ref": "AuthApiGatewayAuthorizer"
              },
              "Integration": {
                "IntegrationHttpMethod": "POST",
                "Type": "AWS_PROXY",
                "Uri": {
                  "Fn::Join": [
                    "",
                    [
                      "arn:",
                      {
                        "Ref": "AWS::Partition"
                      },
                      ":apigateway:",
                      {
                        "Ref": "AWS::Region"
                      },
                      ":lambda:path/2015-03-31/functions/",
                      {
                        "Fn::GetAtt": [
                          "UpdateTodoLambdaFunction",
                          "Arn"
                        ]
                      },
                      "/invocations"
                    ]
                  ]
                }
              },
              "MethodResponses": [],
              "RequestValidatorId": {
                "Ref": "RequestBodyValidator"
              },
              "RequestModels": {
                "application/json": {
                  "Ref": "ApiGatewayMethodTodosTodoidVarPatchApplicationJsonModel"
                }
              }
            },
            "DependsOn": "AuthApiGatewayAuthorizer"
          },
          "ApiGatewayMethodTodosTodoidVarDelete": {
            "Type": "AWS::ApiGateway::Method",
            "Properties": {
              "HttpMethod": "DELETE",
              "RequestParameters": {},
              "ResourceId": {
                "Ref": "ApiGatewayResourceTodosTodoidVar"
              },
              "RestApiId": {
                "Ref": "ApiGatewayRestApi"
              },
              "ApiKeyRequired": false,
              "AuthorizationType": "CUSTOM",
              "AuthorizerId": {
                "Ref": "AuthApiGatewayAuthorizer"
              },
              "Integration": {
                "IntegrationHttpMethod": "POST",
                "Type": "AWS_PROXY",
                "Uri": {
                  "Fn::Join": [
                    "",
                    [
                      "arn:",
                      {
                        "Ref": "AWS::Partition"
                      },
                      ":apigateway:",
                      {
                        "Ref": "AWS::Region"
                      },
                      ":lambda:path/2015-03-31/functions/",
                      {
                        "Fn::GetAtt": [
                          "DeleteTodoLambdaFunction",
                          "Arn"
                        ]
                      },
                      "/invocations"
                    ]
                  ]
                }
              },
              "MethodResponses": []
            },
            "DependsOn": "AuthApiGatewayAuthorizer"
          },
          "ApiGatewayMethodTodosTodoidVarAttachmentPost": {
            "Type": "AWS::ApiGateway::Method",
            "Properties": {
              "HttpMethod": "POST",
              "RequestParameters": {},
              "ResourceId": {
                "Ref": "ApiGatewayResourceTodosTodoidVarAttachment"
              },
              "RestApiId": {
                "Ref": "ApiGatewayRestApi"
              },
              "ApiKeyRequired": false,
              "AuthorizationType": "CUSTOM",
              "AuthorizerId": {
                "Ref": "AuthApiGatewayAuthorizer"
              },
              "Integration": {
                "IntegrationHttpMethod": "POST",
                "Type": "AWS_PROXY",
                "Uri": {
                  "Fn::Join": [
                    "",
                    [
                      "arn:",
                      {
                        "Ref": "AWS::Partition"
                      },
                      ":apigateway:",
                      {
                        "Ref": "AWS::Region"
                      },
                      ":lambda:path/2015-03-31/functions/",
                      {
                        "Fn::GetAtt": [
                          "GenerateUploadUrlLambdaFunction",
                          "Arn"
                        ]
                      },
                      "/invocations"
                    ]
                  ]
                }
              },
              "MethodResponses": []
            },
            "DependsOn": "AuthApiGatewayAuthorizer"
          },
          "ApiGatewayServerlesstodoappRequestValidator": {
            "Type": "AWS::ApiGateway::RequestValidator",
            "Properties": {
              "RestApiId": {
                "Ref": "ApiGatewayRestApi"
              },
              "ValidateRequestBody": true,
              "ValidateRequestParameters": true,
              "Name": "serverless-todo-app-dev | Validate request body and querystring parameters"
            }
          },
          "ApiGatewayMethodTodosPostApplicationJsonModel": {
            "Type": "AWS::ApiGateway::Model",
            "Properties": {
              "RestApiId": {
                "Ref": "ApiGatewayRestApi"
              },
              "ContentType": "application/json",
              "Schema": {
                "$schema": "http://json-schema.org/draft-04/schema#",
                "title": "group",
                "type": "object",
                "properties": {
                  "name": {
                    "type": "string",
                    "minLength": 1
                  },
                  "dueDate": {
                    "type": "string"
                  }
                },
                "required": [
                  "name",
                  "dueDate"
                ],
                "additionalProperties": false
              }
            }
          },
          "ApiGatewayMethodTodosTodoidVarPatchApplicationJsonModel": {
            "Type": "AWS::ApiGateway::Model",
            "Properties": {
              "RestApiId": {
                "Ref": "ApiGatewayRestApi"
              },
              "ContentType": "application/json",
              "Schema": {
                "$schema": "http://json-schema.org/draft-04/schema#",
                "title": "group",
                "type": "object",
                "properties": {
                  "name": {
                    "type": "string",
                    "minLength": 1
                  },
                  "dueDate": {
                    "type": "string"
                  },
                  "done": {
                    "type": "boolean"
                  }
                },
                "required": [
                  "name",
                  "dueDate",
                  "done"
                ],
                "additionalProperties": false
              }
            }
          },
          "AuthApiGatewayAuthorizer": {
            "Type": "AWS::ApiGateway::Authorizer",
            "Properties": {
              "IdentitySource": "method.request.header.Authorization",
              "Name": "Auth",
              "RestApiId": {
                "Ref": "ApiGatewayRestApi"
              },
              "AuthorizerUri": {
                "Fn::Join": [
                  "",
                  [
                    "arn:",
                    {
                      "Ref": "AWS::Partition"
                    },
                    ":apigateway:",
                    {
                      "Ref": "AWS::Region"
                    },
                    ":lambda:path/2015-03-31/functions/",
                    {
                      "Fn::GetAtt": [
                        "AuthLambdaFunction",
                        "Arn"
                      ]
                    },
                    "/invocations"
                  ]
                ]
              },
              "Type": "TOKEN"
            }
          },
          "ApiGatewayDeployment1672741810466": {
            "Type": "AWS::ApiGateway::Deployment",
            "Properties": {
              "RestApiId": {
                "Ref": "ApiGatewayRestApi"
              },
              "StageName": "dev"
            },
            "DependsOn": [
              "ApiGatewayMethodTodosOptions",
              "ApiGatewayMethodTodosTodoidVarOptions",
              "ApiGatewayMethodTodosTodoidVarAttachmentOptions",
              "ApiGatewayMethodTodosGet",
              "ApiGatewayMethodTodosPost",
              "ApiGatewayMethodTodosTodoidVarPatch",
              "ApiGatewayMethodTodosTodoidVarDelete",
              "ApiGatewayMethodTodosTodoidVarAttachmentPost"
            ]
          },
          "GetTodosLambdaPermissionApiGateway": {
            "Type": "AWS::Lambda::Permission",
            "Properties": {
              "FunctionName": {
                "Fn::GetAtt": [
                  "GetTodosLambdaFunction",
                  "Arn"
                ]
              },
              "Action": "lambda:InvokeFunction",
              "Principal": "apigateway.amazonaws.com",
              "SourceArn": {
                "Fn::Join": [
                  "",
                  [
                    "arn:",
                    {
                      "Ref": "AWS::Partition"
                    },
                    ":execute-api:",
                    {
                      "Ref": "AWS::Region"
                    },
                    ":",
                    {
                      "Ref": "AWS::AccountId"
                    },
                    ":",
                    {
                      "Ref": "ApiGatewayRestApi"
                    },
                    "/*/*"
                  ]
                ]
              }
            }
          },
          "AuthLambdaPermissionApiGateway": {
            "Type": "AWS::Lambda::Permission",
            "Properties": {
              "FunctionName": {
                "Fn::GetAtt": [
                  "AuthLambdaFunction",
                  "Arn"
                ]
              },
              "Action": "lambda:InvokeFunction",
              "Principal": "apigateway.amazonaws.com",
              "SourceArn": {
                "Fn::Join": [
                  "",
                  [
                    "arn:",
                    {
                      "Ref": "AWS::Partition"
                    },
                    ":execute-api:",
                    {
                      "Ref": "AWS::Region"
                    },
                    ":",
                    {
                      "Ref": "AWS::AccountId"
                    },
                    ":",
                    {
                      "Ref": "ApiGatewayRestApi"
                    },
                    "/*/*"
                  ]
                ]
              }
            }
          },
          "CreateTodoLambdaPermissionApiGateway": {
            "Type": "AWS::Lambda::Permission",
            "Properties": {
              "FunctionName": {
                "Fn::GetAtt": [
                  "CreateTodoLambdaFunction",
                  "Arn"
                ]
              },
              "Action": "lambda:InvokeFunction",
              "Principal": "apigateway.amazonaws.com",
              "SourceArn": {
                "Fn::Join": [
                  "",
                  [
                    "arn:",
                    {
                      "Ref": "AWS::Partition"
                    },
                    ":execute-api:",
                    {
                      "Ref": "AWS::Region"
                    },
                    ":",
                    {
                      "Ref": "AWS::AccountId"
                    },
                    ":",
                    {
                      "Ref": "ApiGatewayRestApi"
                    },
                    "/*/*"
                  ]
                ]
              }
            }
          },
          "UpdateTodoLambdaPermissionApiGateway": {
            "Type": "AWS::Lambda::Permission",
            "Properties": {
              "FunctionName": {
                "Fn::GetAtt": [
                  "UpdateTodoLambdaFunction",
                  "Arn"
                ]
              },
              "Action": "lambda:InvokeFunction",
              "Principal": "apigateway.amazonaws.com",
              "SourceArn": {
                "Fn::Join": [
                  "",
                  [
                    "arn:",
                    {
                      "Ref": "AWS::Partition"
                    },
                    ":execute-api:",
                    {
                      "Ref": "AWS::Region"
                    },
                    ":",
                    {
                      "Ref": "AWS::AccountId"
                    },
                    ":",
                    {
                      "Ref": "ApiGatewayRestApi"
                    },
                    "/*/*"
                  ]
                ]
              }
            }
          },
          "DeleteTodoLambdaPermissionApiGateway": {
            "Type": "AWS::Lambda::Permission",
            "Properties": {
              "FunctionName": {
                "Fn::GetAtt": [
                  "DeleteTodoLambdaFunction",
                  "Arn"
                ]
              },
              "Action": "lambda:InvokeFunction",
              "Principal": "apigateway.amazonaws.com",
              "SourceArn": {
                "Fn::Join": [
                  "",
                  [
                    "arn:",
                    {
                      "Ref": "AWS::Partition"
                    },
                    ":execute-api:",
                    {
                      "Ref": "AWS::Region"
                    },
                    ":",
                    {
                      "Ref": "AWS::AccountId"
                    },
                    ":",
                    {
                      "Ref": "ApiGatewayRestApi"
                    },
                    "/*/*"
                  ]
                ]
              }
            }
          },
          "GenerateUploadUrlLambdaPermissionApiGateway": {
            "Type": "AWS::Lambda::Permission",
            "Properties": {
              "FunctionName": {
                "Fn::GetAtt": [
                  "GenerateUploadUrlLambdaFunction",
                  "Arn"
                ]
              },
              "Action": "lambda:InvokeFunction",
              "Principal": "apigateway.amazonaws.com",
              "SourceArn": {
                "Fn::Join": [
                  "",
                  [
                    "arn:",
                    {
                      "Ref": "AWS::Partition"
                    },
                    ":execute-api:",
                    {
                      "Ref": "AWS::Region"
                    },
                    ":",
                    {
                      "Ref": "AWS::AccountId"
                    },
                    ":",
                    {
                      "Ref": "ApiGatewayRestApi"
                    },
                    "/*/*"
                  ]
                ]
              }
            }
          },
          "ApiGatewayLogGroup": {
            "Type": "AWS::Logs::LogGroup",
            "Properties": {
              "LogGroupName": "/aws/api-gateway/serverless-todo-app-dev"
            }
          },
          "CustomApiGatewayAccountCloudWatchRole": {
            "Type": "Custom::ApiGatewayAccountRole",
            "Version": 1,
            "Properties": {
              "ServiceToken": {
                "Fn::GetAtt": [
                  "CustomDashresourceDashapigwDashcwDashroleLambdaFunction",
                  "Arn"
                ]
              }
            }
          },
          "IamRoleCustomResourcesLambdaExecution": {
            "Type": "AWS::IAM::Role",
            "Properties": {
              "AssumeRolePolicyDocument": {
                "Version": "2012-10-17",
                "Statement": [
                  {
                    "Effect": "Allow",
                    "Principal": {
                      "Service": [
                        "lambda.amazonaws.com"
                      ]
                    },
                    "Action": [
                      "sts:AssumeRole"
                    ]
                  }
                ]
              },
              "Policies": [
                {
                  "PolicyName": {
                    "Fn::Join": [
                      "-",
                      [
                        "dev",
                        "serverless-todo-app",
                        "custom-resources-lambda"
                      ]
                    ]
                  },
                  "PolicyDocument": {
                    "Version": "2012-10-17",
                    "Statement": [
                      {
                        "Effect": "Allow",
                        "Resource": {
                          "Fn::Join": [
                            ":",
                            [
                              "arn",
                              {
                                "Ref": "AWS::Partition"
                              },
                              "iam:",
                              {
                                "Ref": "AWS::AccountId"
                              },
                              "role/*"
                            ]
                          ]
                        },
                        "Action": [
                          "iam:AttachRolePolicy",
                          "iam:CreateRole",
                          "iam:ListAttachedRolePolicies",
                          "iam:PassRole"
                        ]
                      },
                      {
                        "Effect": "Allow",
                        "Resource": {
                          "Fn::Join": [
                            ":",
                            [
                              "arn",
                              {
                                "Ref": "AWS::Partition"
                              },
                              "apigateway:*::/account"
                            ]
                          ]
                        },
                        "Action": [
                          "apigateway:GET",
                          "apigateway:PATCH"
                        ]
                      }
                    ]
                  }
                }
              ]
            }
          },
          "CustomDashresourceDashapigwDashcwDashroleLambdaFunction": {
            "Type": "AWS::Lambda::Function",
            "Properties": {
              "Code": {
                "S3Bucket": {
                  "Ref": "ServerlessDeploymentBucket"
                },
                "S3Key": "serverless/serverless-todo-app/dev/1672741895057-2023-01-03T10:31:35.057Z/custom-resources.zip"
              },
              "FunctionName": "serverless-todo-app-dev-custom-resource-apigw-cw-role",
              "Handler": "apiGatewayCloudWatchRole/handler.handler",
              "MemorySize": 1024,
              "Runtime": "nodejs12.x",
              "Timeout": 180,
              "Role": {
                "Fn::GetAtt": [
                  "IamRoleCustomResourcesLambdaExecution",
                  "Arn"
                ]
              }
            },
            "DependsOn": [
              "IamRoleCustomResourcesLambdaExecution"
            ]
          },
          "AuthIamRoleLambdaExecution": {
            "Type": "AWS::IAM::Role",
            "Properties": {
              "AssumeRolePolicyDocument": {
                "Version": "2012-10-17",
                "Statement": [
                  {
                    "Effect": "Allow",
                    "Principal": {
                      "Service": [
                        "lambda.amazonaws.com"
                      ]
                    },
                    "Action": [
                      "sts:AssumeRole"
                    ]
                  }
                ]
              },
              "Policies": [
                {
                  "PolicyName": {
                    "Fn::Join": [
                      "-",
                      [
                        "serverless-todo-app",
                        "dev",
                        "lambda"
                      ]
                    ]
                  },
                  "PolicyDocument": {
                    "Version": "2012-10-17",
                    "Statement": [
                      {
                        "Effect": "Allow",
                        "Action": [
                          "logs:CreateLogStream",
                          "logs:CreateLogGroup",
                          "logs:PutLogEvents"
                        ],
                        "Resource": [
                          {
                            "Fn::Sub": "arn:${AWS::Partition}:logs:${AWS::Region}:${AWS::AccountId}:log-group:/aws/lambda/serverless-todo-app-dev-Auth:*:*"
                          }
                        ]
                      },
                      {
                        "Effect": "Allow",
                        "Action": [
                          "xray:PutTraceSegments",
                          "xray:PutTelemetryRecords"
                        ],
                        "Resource": [
                          "*"
                        ]
                      }
                    ]
                  }
                }
              ],
              "Path": "/",
              "RoleName": {
                "Fn::Join": [
                  "-",
                  [
                    "serverless-todo-app",
                    "dev",
                    "Auth",
                    {
                      "Ref": "AWS::Region"
                    },
                    "lambdaRole"
                  ]
                ]
              },
              "ManagedPolicyArns": []
            }
          },
          "GetTodosIamRoleLambdaExecution": {
            "Type": "AWS::IAM::Role",
            "Properties": {
              "AssumeRolePolicyDocument": {
                "Version": "2012-10-17",
                "Statement": [
                  {
                    "Effect": "Allow",
                    "Principal": {
                      "Service": [
                        "lambda.amazonaws.com"
                      ]
                    },
                    "Action": [
                      "sts:AssumeRole"
                    ]
                  }
                ]
              },
              "Policies": [
                {
                  "PolicyName": {
                    "Fn::Join": [
                      "-",
                      [
                        "serverless-todo-app",
                        "dev",
                        "lambda"
                      ]
                    ]
                  },
                  "PolicyDocument": {
                    "Version": "2012-10-17",
                    "Statement": [
                      {
                        "Effect": "Allow",
                        "Action": [
                          "logs:CreateLogStream",
                          "logs:CreateLogGroup",
                          "logs:PutLogEvents"
                        ],
                        "Resource": [
                          {
                            "Fn::Sub": "arn:${AWS::Partition}:logs:${AWS::Region}:${AWS::AccountId}:log-group:/aws/lambda/serverless-todo-app-dev-GetTodos:*:*"
                          }
                        ]
                      },
                      {
                        "Effect": "Allow",
                        "Action": [
                          "dynamodb:GetItem",
                          "dynamodb:Query"
                        ],
                        "Resource": "arn:aws:dynamodb:us-east-1:*:table/TodosDB-dev"
                      },
                      {
                        "Effect": "Allow",
                        "Action": [
                          "xray:PutTraceSegments",
                          "xray:PutTelemetryRecords"
                        ],
                        "Resource": [
                          "*"
                        ]
                      }
                    ]
                  }
                }
              ],
              "Path": "/",
              "RoleName": {
                "Fn::Join": [
                  "-",
                  [
                    "serverless-todo-app",
                    "dev",
                    "GetTodos",
                    {
                      "Ref": "AWS::Region"
                    },
                    "lambdaRole"
                  ]
                ]
              },
              "ManagedPolicyArns": []
            }
          },
          "CreateTodoIamRoleLambdaExecution": {
            "Type": "AWS::IAM::Role",
            "Properties": {
              "AssumeRolePolicyDocument": {
                "Version": "2012-10-17",
                "Statement": [
                  {
                    "Effect": "Allow",
                    "Principal": {
                      "Service": [
                        "lambda.amazonaws.com"
                      ]
                    },
                    "Action": [
                      "sts:AssumeRole"
                    ]
                  }
                ]
              },
              "Policies": [
                {
                  "PolicyName": {
                    "Fn::Join": [
                      "-",
                      [
                        "serverless-todo-app",
                        "dev",
                        "lambda"
                      ]
                    ]
                  },
                  "PolicyDocument": {
                    "Version": "2012-10-17",
                    "Statement": [
                      {
                        "Effect": "Allow",
                        "Action": [
                          "logs:CreateLogStream",
                          "logs:CreateLogGroup",
                          "logs:PutLogEvents"
                        ],
                        "Resource": [
                          {
                            "Fn::Sub": "arn:${AWS::Partition}:logs:${AWS::Region}:${AWS::AccountId}:log-group:/aws/lambda/serverless-todo-app-dev-CreateTodo:*:*"
                          }
                        ]
                      },
                      {
                        "Effect": "Allow",
                        "Action": [
                          "dynamodb:PutItem",
                          "dynamodb:Query"
                        ],
                        "Resource": "arn:aws:dynamodb:us-east-1:*:table/TodosDB-dev"
                      },
                      {
                        "Effect": "Allow",
                        "Action": [
                          "xray:PutTraceSegments",
                          "xray:PutTelemetryRecords"
                        ],
                        "Resource": [
                          "*"
                        ]
                      }
                    ]
                  }
                }
              ],
              "Path": "/",
              "RoleName": {
                "Fn::Join": [
                  "-",
                  [
                    "serverless-todo-app",
                    "dev",
                    "CreateTodo",
                    {
                      "Ref": "AWS::Region"
                    },
                    "lambdaRole"
                  ]
                ]
              },
              "ManagedPolicyArns": []
            }
          },
          "UpdateTodoIamRoleLambdaExecution": {
            "Type": "AWS::IAM::Role",
            "Properties": {
              "AssumeRolePolicyDocument": {
                "Version": "2012-10-17",
                "Statement": [
                  {
                    "Effect": "Allow",
                    "Principal": {
                      "Service": [
                        "lambda.amazonaws.com"
                      ]
                    },
                    "Action": [
                      "sts:AssumeRole"
                    ]
                  }
                ]
              },
              "Policies": [
                {
                  "PolicyName": {
                    "Fn::Join": [
                      "-",
                      [
                        "serverless-todo-app",
                        "dev",
                        "lambda"
                      ]
                    ]
                  },
                  "PolicyDocument": {
                    "Version": "2012-10-17",
                    "Statement": [
                      {
                        "Effect": "Allow",
                        "Action": [
                          "logs:CreateLogStream",
                          "logs:CreateLogGroup",
                          "logs:PutLogEvents"
                        ],
                        "Resource": [
                          {
                            "Fn::Sub": "arn:${AWS::Partition}:logs:${AWS::Region}:${AWS::AccountId}:log-group:/aws/lambda/serverless-todo-app-dev-UpdateTodo:*:*"
                          }
                        ]
                      },
                      {
                        "Effect": "Allow",
                        "Action": [
                          "dynamodb:PutItem",
                          "dynamodb:GetItem",
                          "dynamodb:UpdateItem",
                          "dynamodb:Query"
                        ],
                        "Resource": "arn:aws:dynamodb:us-east-1:*:table/TodosDB-dev"
                      },
                      {
                        "Effect": "Allow",
                        "Action": [
                          "xray:PutTraceSegments",
                          "xray:PutTelemetryRecords"
                        ],
                        "Resource": [
                          "*"
                        ]
                      }
                    ]
                  }
                }
              ],
              "Path": "/",
              "RoleName": {
                "Fn::Join": [
                  "-",
                  [
                    "serverless-todo-app",
                    "dev",
                    "UpdateTodo",
                    {
                      "Ref": "AWS::Region"
                    },
                    "lambdaRole"
                  ]
                ]
              },
              "ManagedPolicyArns": []
            }
          },
          "DeleteTodoIamRoleLambdaExecution": {
            "Type": "AWS::IAM::Role",
            "Properties": {
              "AssumeRolePolicyDocument": {
                "Version": "2012-10-17",
                "Statement": [
                  {
                    "Effect": "Allow",
                    "Principal": {
                      "Service": [
                        "lambda.amazonaws.com"
                      ]
                    },
                    "Action": [
                      "sts:AssumeRole"
                    ]
                  }
                ]
              },
              "Policies": [
                {
                  "PolicyName": {
                    "Fn::Join": [
                      "-",
                      [
                        "serverless-todo-app",
                        "dev",
                        "lambda"
                      ]
                    ]
                  },
                  "PolicyDocument": {
                    "Version": "2012-10-17",
                    "Statement": [
                      {
                        "Effect": "Allow",
                        "Action": [
                          "logs:CreateLogStream",
                          "logs:CreateLogGroup",
                          "logs:PutLogEvents"
                        ],
                        "Resource": [
                          {
                            "Fn::Sub": "arn:${AWS::Partition}:logs:${AWS::Region}:${AWS::AccountId}:log-group:/aws/lambda/serverless-todo-app-dev-DeleteTodo:*:*"
                          }
                        ]
                      },
                      {
                        "Effect": "Allow",
                        "Action": [
                          "dynamodb:DeleteItem"
                        ],
                        "Resource": "arn:aws:dynamodb:us-east-1:*:table/TodosDB-dev"
                      },
                      {
                        "Effect": "Allow",
                        "Action": [
                          "xray:PutTraceSegments",
                          "xray:PutTelemetryRecords"
                        ],
                        "Resource": [
                          "*"
                        ]
                      }
                    ]
                  }
                }
              ],
              "Path": "/",
              "RoleName": {
                "Fn::Join": [
                  "-",
                  [
                    "serverless-todo-app",
                    "dev",
                    "DeleteTodo",
                    {
                      "Ref": "AWS::Region"
                    },
                    "lambdaRole"
                  ]
                ]
              },
              "ManagedPolicyArns": []
            }
          },
          "GenerateUploadUrlIamRoleLambdaExecution": {
            "Type": "AWS::IAM::Role",
            "Properties": {
              "AssumeRolePolicyDocument": {
                "Version": "2012-10-17",
                "Statement": [
                  {
                    "Effect": "Allow",
                    "Principal": {
                      "Service": [
                        "lambda.amazonaws.com"
                      ]
                    },
                    "Action": [
                      "sts:AssumeRole"
                    ]
                  }
                ]
              },
              "Policies": [
                {
                  "PolicyName": {
                    "Fn::Join": [
                      "-",
                      [
                        "serverless-todo-app",
                        "dev",
                        "lambda"
                      ]
                    ]
                  },
                  "PolicyDocument": {
                    "Version": "2012-10-17",
                    "Statement": [
                      {
                        "Effect": "Allow",
                        "Action": [
                          "logs:CreateLogStream",
                          "logs:CreateLogGroup",
                          "logs:PutLogEvents"
                        ],
                        "Resource": [
                          {
                            "Fn::Sub": "arn:${AWS::Partition}:logs:${AWS::Region}:${AWS::AccountId}:log-group:/aws/lambda/serverless-todo-app-dev-GenerateUploadUrl:*:*"
                          }
                        ]
                      },
                      {
                        "Effect": "Allow",
                        "Action": [
                          "dynamodb:PutItem",
                          "dynamodb:GetItem",
                          "dynamodb:Query",
                          "dynamodb:UpdateItem"
                        ],
                        "Resource": "arn:aws:dynamodb:us-east-1:*:table/TodosDB-dev"
                      },
                      {
                        "Effect": "Allow",
                        "Action": [
                          "s3:PutObject",
                          "s3:GetObject"
                        ],
                        "Resource": "arn:aws:s3:::ganeshkasi-serverless-bucket-dev/*"
                      },
                      {
                        "Effect": "Allow",
                        "Action": [
                          "xray:PutTraceSegments",
                          "xray:PutTelemetryRecords"
                        ],
                        "Resource": [
                          "*"
                        ]
                      }
                    ]
                  }
                }
              ],
              "Path": "/",
              "RoleName": {
                "Fn::Join": [
                  "-",
                  [
                    "serverless-todo-app",
                    "dev",
                    "GenerateUploadUrl",
                    {
                      "Ref": "AWS::Region"
                    },
                    "lambdaRole"
                  ]
                ]
              },
              "ManagedPolicyArns": []
            }
          },
          "GatewayResponseDefault4XX": {
            "Type": "AWS::ApiGateway::GatewayResponse",
            "Properties": {
              "ResponseParameters": {
                "gatewayresponse.header.Access-Control-Allow-Origin": "'*'",
                "gatewayresponse.header.Access-Control-Allow-Headers": "'Content-Type,X-Amz-Date,Authorization,X-Api-Key,X-Amz-Security-Token'",
                "gatewayresponse.header.Access-Control-Allow-Methods": "'GET,OPTIONS,POST,PUT,DELETE'"
              },
              "ResponseType": "DEFAULT_4XX",
              "RestApiId": {
                "Ref": "ApiGatewayRestApi"
              }
            }
          },
          "TodosTable": {
            "Type": "AWS::DynamoDB::Table",
            "Properties": {
              "AttributeDefinitions": [
                {
                  "AttributeName": "todoId",
                  "AttributeType": "S"
                },
                {
                  "AttributeName": "userId",
                  "AttributeType": "S"
                },
                {
                  "AttributeName": "createdAt",
                  "AttributeType": "S"
                }
              ],
              "KeySchema": [
                {
                  "AttributeName": "userId",
                  "KeyType": "HASH"
                },
                {
                  "AttributeName": "todoId",
                  "KeyType": "RANGE"
                }
              ],
              "BillingMode": "PAY_PER_REQUEST",
              "TableName": "TodosDB-dev",
              "LocalSecondaryIndexes": [
                {
                  "IndexName": "CreatedAtIndex",
                  "KeySchema": [
                    {
                      "AttributeName": "userId",
                      "KeyType": "HASH"
                    },
                    {
                      "AttributeName": "createdAt",
                      "KeyType": "RANGE"
                    }
                  ],
                  "Projection": {
                    "ProjectionType": "ALL"
                  }
                }
              ]
            }
          },
          "AttachmentsBucket": {
            "Type": "AWS::S3::Bucket",
            "Properties": {
              "BucketName": "ganeshkasi-serverless-bucket-dev",
              "AccessControl": "PublicRead",
              "CorsConfiguration": {
                "CorsRules": [
                  {
                    "AllowedOrigins": [
                      "*"
                    ],
                    "AllowedHeaders": [
                      "*"
                    ],
                    "AllowedMethods": [
                      "GET",
                      "PUT",
                      "POST",
                      "DELETE",
                      "HEAD"
                    ],
                    "MaxAge": 3000
                  }
                ]
              }
            }
          },
          "BucketPolicy": {
            "Type": "AWS::S3::BucketPolicy",
            "Properties": {
              "PolicyDocument": {
                "Id": "MyPolicy",
                "Version": "2012-10-17",
                "Statement": [
                  {
                    "Sid": "PublicReadForGetBucketObjects",
                    "Effect": "Allow",
                    "Principal": "*",
                    "Action": "s3:GetObject",
                    "Resource": "arn:aws:s3:::ganeshkasi-serverless-bucket-dev/*"
                  }
                ]
              },
              "Bucket": {
                "Ref": "AttachmentsBucket"
              }
            }
          },
          "RequestBodyValidator": {
            "Type": "AWS::ApiGateway::RequestValidator",
            "Properties": {
              "Name": "request-body-validator",
              "RestApiId": {
                "Ref": "ApiGatewayRestApi"
              },
              "ValidateRequestBody": true,
              "ValidateRequestParameters": false
            }
          },
          "CWLSubFilterAuthLogGroupUsEast1": {
            "Type": "AWS::Logs::SubscriptionFilter",
            "Properties": {
              "DestinationArn": "arn:aws:logs:us-east-1:802587217904:destination:84f9da97-9f16-42bd-802b-57953235c843#vvYd1qg46H1XDjzhMv#serverless-todo-app#dev",
              "FilterPattern": "?\"REPORT RequestId: \" ?\"SERVERLESS_ENTERPRISE\"",
              "LogGroupName": {
                "Ref": "AuthLogGroup"
              }
            }
          },
          "CWLSubFilterGetTodosLogGroupUsEast1": {
            "Type": "AWS::Logs::SubscriptionFilter",
            "Properties": {
              "DestinationArn": "arn:aws:logs:us-east-1:802587217904:destination:84f9da97-9f16-42bd-802b-57953235c843#vvYd1qg46H1XDjzhMv#serverless-todo-app#dev",
              "FilterPattern": "?\"REPORT RequestId: \" ?\"SERVERLESS_ENTERPRISE\"",
              "LogGroupName": {
                "Ref": "GetTodosLogGroup"
              }
            }
          },
          "CWLSubFilterCreateTodoLogGroupUsEast1": {
            "Type": "AWS::Logs::SubscriptionFilter",
            "Properties": {
              "DestinationArn": "arn:aws:logs:us-east-1:802587217904:destination:84f9da97-9f16-42bd-802b-57953235c843#vvYd1qg46H1XDjzhMv#serverless-todo-app#dev",
              "FilterPattern": "?\"REPORT RequestId: \" ?\"SERVERLESS_ENTERPRISE\"",
              "LogGroupName": {
                "Ref": "CreateTodoLogGroup"
              }
            }
          },
          "CWLSubFilterUpdateTodoLogGroupUsEast1": {
            "Type": "AWS::Logs::SubscriptionFilter",
            "Properties": {
              "DestinationArn": "arn:aws:logs:us-east-1:802587217904:destination:84f9da97-9f16-42bd-802b-57953235c843#vvYd1qg46H1XDjzhMv#serverless-todo-app#dev",
              "FilterPattern": "?\"REPORT RequestId: \" ?\"SERVERLESS_ENTERPRISE\"",
              "LogGroupName": {
                "Ref": "UpdateTodoLogGroup"
              }
            }
          },
          "CWLSubFilterDeleteTodoLogGroupUsEast1": {
            "Type": "AWS::Logs::SubscriptionFilter",
            "Properties": {
              "DestinationArn": "arn:aws:logs:us-east-1:802587217904:destination:84f9da97-9f16-42bd-802b-57953235c843#vvYd1qg46H1XDjzhMv#serverless-todo-app#dev",
              "FilterPattern": "?\"REPORT RequestId: \" ?\"SERVERLESS_ENTERPRISE\"",
              "LogGroupName": {
                "Ref": "DeleteTodoLogGroup"
              }
            }
          },
          "CWLSubFilterGenerateUploadUrlLogGroupUsEast1": {
            "Type": "AWS::Logs::SubscriptionFilter",
            "Properties": {
              "DestinationArn": "arn:aws:logs:us-east-1:802587217904:destination:84f9da97-9f16-42bd-802b-57953235c843#vvYd1qg46H1XDjzhMv#serverless-todo-app#dev",
              "FilterPattern": "?\"REPORT RequestId: \" ?\"SERVERLESS_ENTERPRISE\"",
              "LogGroupName": {
                "Ref": "GenerateUploadUrlLogGroup"
              }
            }
          },
          "CWLSubFilterApiGatewayLogGroupUsEast1": {
            "Type": "AWS::Logs::SubscriptionFilter",
            "Properties": {
              "DestinationArn": "arn:aws:logs:us-east-1:802587217904:destination:84f9da97-9f16-42bd-802b-57953235c843#vvYd1qg46H1XDjzhMv#serverless-todo-app#dev",
              "FilterPattern": "\"SLS_ACCESS_LOG\"",
              "LogGroupName": {
                "Ref": "ApiGatewayLogGroup"
              }
            }
          }
        },
        "Outputs": {
          "ServerlessDeploymentBucketName": {
            "Value": {
              "Ref": "ServerlessDeploymentBucket"
            },
            "Export": {
              "Name": "sls-serverless-todo-app-dev-ServerlessDeploymentBucketName"
            }
          },
          "EnterpriseLogAccessIamRole": {
            "Value": {
              "Fn::GetAtt": [
                "EnterpriseLogAccessIamRole",
                "Arn"
              ]
            },
            "Export": {
              "Name": "sls-serverless-todo-app-dev-EnterpriseLogAccessIamRole"
            }
          },
          "AuthLambdaFunctionQualifiedArn": {
            "Description": "Current Lambda function version",
            "Value": {
              "Ref": "AuthLambdaVersion19uWrrwEJvpoP4Cy3Fy92F3AewYZ3U7x96SMOZoz0"
            },
            "Export": {
              "Name": "sls-serverless-todo-app-dev-AuthLambdaFunctionQualifiedArn"
            }
          },
          "GetTodosLambdaFunctionQualifiedArn": {
            "Description": "Current Lambda function version",
            "Value": {
              "Ref": "GetTodosLambdaVersionqXjGeDsQqjGhDZQ6sXppYCMeCk2pnSSXI2AW4r8Nc"
            },
            "Export": {
              "Name": "sls-serverless-todo-app-dev-GetTodosLambdaFunctionQualifiedArn"
            }
          },
          "CreateTodoLambdaFunctionQualifiedArn": {
            "Description": "Current Lambda function version",
            "Value": {
              "Ref": "CreateTodoLambdaVersionAku8n25GRfnqd3ZYlPTftxVwGnRS07S8wYkqszOYEoc"
            },
            "Export": {
              "Name": "sls-serverless-todo-app-dev-CreateTodoLambdaFunctionQualifiedArn"
            }
          },
          "UpdateTodoLambdaFunctionQualifiedArn": {
            "Description": "Current Lambda function version",
            "Value": {
              "Ref": "UpdateTodoLambdaVersionefdyh6yIoQgMBnZ02aTiWEp25z3ZP2FcQY0mF86wjw"
            },
            "Export": {
              "Name": "sls-serverless-todo-app-dev-UpdateTodoLambdaFunctionQualifiedArn"
            }
          },
          "DeleteTodoLambdaFunctionQualifiedArn": {
            "Description": "Current Lambda function version",
            "Value": {
              "Ref": "DeleteTodoLambdaVersion8OLFHUTv0c3hm3UUy48p8HWVJTWMJ4KNE20SdMnscs"
            },
            "Export": {
              "Name": "sls-serverless-todo-app-dev-DeleteTodoLambdaFunctionQualifiedArn"
            }
          },
          "GenerateUploadUrlLambdaFunctionQualifiedArn": {
            "Description": "Current Lambda function version",
            "Value": {
              "Ref": "GenerateUploadUrlLambdaVersion5u5Uhggryo3NE78OlgQwilKsSWOAGiO4BmCGAdAlc"
            },
            "Export": {
              "Name": "sls-serverless-todo-app-dev-GenerateUploadUrlLambdaFunctionQualifiedArn"
            }
          },
          "ServiceEndpoint": {
            "Description": "URL of the service endpoint",
            "Value": {
              "Fn::Join": [
                "",
                [
                  "https://",
                  {
                    "Ref": "ApiGatewayRestApi"
                  },
                  ".execute-api.",
                  {
                    "Ref": "AWS::Region"
                  },
                  ".",
                  {
                    "Ref": "AWS::URLSuffix"
                  },
                  "/dev"
                ]
              ]
            },
            "Export": {
              "Name": "sls-serverless-todo-app-dev-ServiceEndpoint"
            }
          }
        }
      },
      "coreCloudFormationTemplate": {
        "AWSTemplateFormatVersion": "2010-09-09",
        "Description": "The AWS CloudFormation template for this Serverless application",
        "Resources": {
          "ServerlessDeploymentBucket": {
            "Type": "AWS::S3::Bucket",
            "Properties": {
              "BucketEncryption": {
                "ServerSideEncryptionConfiguration": [
                  {
                    "ServerSideEncryptionByDefault": {
                      "SSEAlgorithm": "AES256"
                    }
                  }
                ]
              }
            }
          },
          "ServerlessDeploymentBucketPolicy": {
            "Type": "AWS::S3::BucketPolicy",
            "Properties": {
              "Bucket": {
                "Ref": "ServerlessDeploymentBucket"
              },
              "PolicyDocument": {
                "Statement": [
                  {
                    "Action": "s3:*",
                    "Effect": "Deny",
                    "Principal": "*",
                    "Resource": [
                      {
                        "Fn::Join": [
                          "",
                          [
                            "arn:",
                            {
                              "Ref": "AWS::Partition"
                            },
                            ":s3:::",
                            {
                              "Ref": "ServerlessDeploymentBucket"
                            },
                            "/*"
                          ]
                        ]
                      },
                      {
                        "Fn::Join": [
                          "",
                          [
                            "arn:",
                            {
                              "Ref": "AWS::Partition"
                            },
                            ":s3:::",
                            {
                              "Ref": "ServerlessDeploymentBucket"
                            }
                          ]
                        ]
                      }
                    ],
                    "Condition": {
                      "Bool": {
                        "aws:SecureTransport": false
                      }
                    }
                  }
                ]
              }
            }
          }
        },
        "Outputs": {
          "ServerlessDeploymentBucketName": {
            "Value": {
              "Ref": "ServerlessDeploymentBucket"
            }
          }
        }
      },
      "vpc": {}
    },
    "plugins": [
      "serverless-webpack",
      "serverless-iam-roles-per-function",
      "serverless-plugin-tracing",
      "serverless-reqvalidator-plugin"
    ],
    "pluginsData": {},
    "functions": {
      "Auth": {
        "handler": "s_Auth.handler",
        "iamRoleStatements": [
          {
            "$ref": "$[\"service\"][\"provider\"][\"compiledCloudFormationTemplate\"][\"Resources\"][\"AuthIamRoleLambdaExecution\"][\"Properties\"][\"Policies\"][0][\"PolicyDocument\"][\"Statement\"][1]"
          }
        ],
        "events": [],
        "name": "serverless-todo-app-dev-Auth",
        "package": {
          "artifact": ".serverless/serverless-todo-app.zip"
        },
        "memory": 1024,
        "timeout": 6,
        "runtime": "nodejs12.x",
        "vpc": {},
        "versionLogicalId": "AuthLambdaVersion19uWrrwEJvpoP4Cy3Fy92F3AewYZ3U7x96SMOZoz0"
      },
      "GetTodos": {
        "handler": "s_GetTodos.handler",
        "events": [
          {
            "http": {
              "method": "get",
              "path": "todos",
              "cors": {
                "origin": "*",
                "methods": [
                  "OPTIONS",
                  "GET"
                ],
                "headers": [
                  "Content-Type",
                  "X-Amz-Date",
                  "Authorization",
                  "X-Api-Key",
                  "X-Amz-Security-Token",
                  "X-Amz-User-Agent"
                ],
                "allowCredentials": false
              },
              "authorizer": {
                "name": "Auth",
                "arn": {
                  "$ref": "$[\"service\"][\"provider\"][\"compiledCloudFormationTemplate\"][\"Resources\"][\"AuthLambdaPermissionApiGateway\"][\"Properties\"][\"FunctionName\"]"
                },
                "managedExternally": false,
                "identitySource": "method.request.header.Authorization"
              },
              "integration": "AWS_PROXY"
            }
          }
        ],
        "iamRoleStatementsInherit": true,
        "iamRoleStatements": [
          {
            "$ref": "$[\"service\"][\"provider\"][\"compiledCloudFormationTemplate\"][\"Resources\"][\"GetTodosIamRoleLambdaExecution\"][\"Properties\"][\"Policies\"][0][\"PolicyDocument\"][\"Statement\"][1]"
          },
          {
            "$ref": "$[\"service\"][\"provider\"][\"compiledCloudFormationTemplate\"][\"Resources\"][\"GetTodosIamRoleLambdaExecution\"][\"Properties\"][\"Policies\"][0][\"PolicyDocument\"][\"Statement\"][2]"
          }
        ],
        "name": "serverless-todo-app-dev-GetTodos",
        "package": {
          "artifact": ".serverless/serverless-todo-app.zip"
        },
        "memory": 1024,
        "timeout": 6,
        "runtime": "nodejs12.x",
        "vpc": {},
        "versionLogicalId": "GetTodosLambdaVersionqXjGeDsQqjGhDZQ6sXppYCMeCk2pnSSXI2AW4r8Nc"
      },
      "CreateTodo": {
        "handler": "s_CreateTodo.handler",
        "events": [
          {
            "http": {
              "method": "post",
              "path": "todos",
              "cors": {
                "origin": "*",
                "methods": [
                  "OPTIONS",
                  "POST"
                ],
                "headers": [
                  "Content-Type",
                  "X-Amz-Date",
                  "Authorization",
                  "X-Api-Key",
                  "X-Amz-Security-Token",
                  "X-Amz-User-Agent"
                ],
                "allowCredentials": false
              },
              "reqValidatorName": "RequestBodyValidator",
              "authorizer": {
                "name": "Auth",
                "arn": {
                  "$ref": "$[\"service\"][\"provider\"][\"compiledCloudFormationTemplate\"][\"Resources\"][\"AuthLambdaPermissionApiGateway\"][\"Properties\"][\"FunctionName\"]"
                },
                "managedExternally": false,
                "identitySource": "method.request.header.Authorization"
              },
              "request": {
                "schemas": {
                  "application/json": {
                    "$ref": "$[\"service\"][\"provider\"][\"compiledCloudFormationTemplate\"][\"Resources\"][\"ApiGatewayMethodTodosPostApplicationJsonModel\"][\"Properties\"][\"Schema\"]"
                  }
                }
              },
              "integration": "AWS_PROXY"
            }
          }
        ],
        "iamRoleStatementsInherit": true,
        "iamRoleStatements": [
          {
            "$ref": "$[\"service\"][\"provider\"][\"compiledCloudFormationTemplate\"][\"Resources\"][\"CreateTodoIamRoleLambdaExecution\"][\"Properties\"][\"Policies\"][0][\"PolicyDocument\"][\"Statement\"][1]"
          },
          {
            "$ref": "$[\"service\"][\"provider\"][\"compiledCloudFormationTemplate\"][\"Resources\"][\"CreateTodoIamRoleLambdaExecution\"][\"Properties\"][\"Policies\"][0][\"PolicyDocument\"][\"Statement\"][2]"
          }
        ],
        "name": "serverless-todo-app-dev-CreateTodo",
        "package": {
          "artifact": ".serverless/serverless-todo-app.zip"
        },
        "memory": 1024,
        "timeout": 6,
        "runtime": "nodejs12.x",
        "vpc": {},
        "versionLogicalId": "CreateTodoLambdaVersionAku8n25GRfnqd3ZYlPTftxVwGnRS07S8wYkqszOYEoc"
      },
      "UpdateTodo": {
        "handler": "s_UpdateTodo.handler",
        "events": [
          {
            "http": {
              "method": "patch",
              "path": "todos/{todoId}",
              "cors": {
                "origin": "*",
                "methods": [
                  "OPTIONS",
                  "PATCH"
                ],
                "headers": [
                  "Content-Type",
                  "X-Amz-Date",
                  "Authorization",
                  "X-Api-Key",
                  "X-Amz-Security-Token",
                  "X-Amz-User-Agent"
                ],
                "allowCredentials": false
              },
              "reqValidatorName": "RequestBodyValidator",
              "authorizer": {
                "name": "Auth",
                "arn": {
                  "$ref": "$[\"service\"][\"provider\"][\"compiledCloudFormationTemplate\"][\"Resources\"][\"AuthLambdaPermissionApiGateway\"][\"Properties\"][\"FunctionName\"]"
                },
                "managedExternally": false,
                "identitySource": "method.request.header.Authorization"
              },
              "request": {
                "schemas": {
                  "application/json": {
                    "$ref": "$[\"service\"][\"provider\"][\"compiledCloudFormationTemplate\"][\"Resources\"][\"ApiGatewayMethodTodosTodoidVarPatchApplicationJsonModel\"][\"Properties\"][\"Schema\"]"
                  }
                }
              },
              "integration": "AWS_PROXY"
            }
          }
        ],
        "iamRoleStatementsInherit": true,
        "iamRoleStatements": [
          {
            "$ref": "$[\"service\"][\"provider\"][\"compiledCloudFormationTemplate\"][\"Resources\"][\"UpdateTodoIamRoleLambdaExecution\"][\"Properties\"][\"Policies\"][0][\"PolicyDocument\"][\"Statement\"][1]"
          },
          {
            "$ref": "$[\"service\"][\"provider\"][\"compiledCloudFormationTemplate\"][\"Resources\"][\"UpdateTodoIamRoleLambdaExecution\"][\"Properties\"][\"Policies\"][0][\"PolicyDocument\"][\"Statement\"][2]"
          }
        ],
        "name": "serverless-todo-app-dev-UpdateTodo",
        "package": {
          "artifact": ".serverless/serverless-todo-app.zip"
        },
        "memory": 1024,
        "timeout": 6,
        "runtime": "nodejs12.x",
        "vpc": {},
        "versionLogicalId": "UpdateTodoLambdaVersionefdyh6yIoQgMBnZ02aTiWEp25z3ZP2FcQY0mF86wjw"
      },
      "DeleteTodo": {
        "handler": "s_DeleteTodo.handler",
        "events": [
          {
            "http": {
              "method": "delete",
              "path": "todos/{todoId}",
              "cors": {
                "origin": "*",
                "methods": [
                  "OPTIONS",
                  "DELETE"
                ],
                "headers": [
                  "Content-Type",
                  "X-Amz-Date",
                  "Authorization",
                  "X-Api-Key",
                  "X-Amz-Security-Token",
                  "X-Amz-User-Agent"
                ],
                "allowCredentials": false
              },
              "authorizer": {
                "name": "Auth",
                "arn": {
                  "$ref": "$[\"service\"][\"provider\"][\"compiledCloudFormationTemplate\"][\"Resources\"][\"AuthLambdaPermissionApiGateway\"][\"Properties\"][\"FunctionName\"]"
                },
                "managedExternally": false,
                "identitySource": "method.request.header.Authorization"
              },
              "integration": "AWS_PROXY"
            }
          }
        ],
        "iamRoleStatementsInherit": true,
        "iamRoleStatements": [
          {
            "$ref": "$[\"service\"][\"provider\"][\"compiledCloudFormationTemplate\"][\"Resources\"][\"DeleteTodoIamRoleLambdaExecution\"][\"Properties\"][\"Policies\"][0][\"PolicyDocument\"][\"Statement\"][1]"
          },
          {
            "$ref": "$[\"service\"][\"provider\"][\"compiledCloudFormationTemplate\"][\"Resources\"][\"DeleteTodoIamRoleLambdaExecution\"][\"Properties\"][\"Policies\"][0][\"PolicyDocument\"][\"Statement\"][2]"
          }
        ],
        "name": "serverless-todo-app-dev-DeleteTodo",
        "package": {
          "artifact": ".serverless/serverless-todo-app.zip"
        },
        "memory": 1024,
        "timeout": 6,
        "runtime": "nodejs12.x",
        "vpc": {},
        "versionLogicalId": "DeleteTodoLambdaVersion8OLFHUTv0c3hm3UUy48p8HWVJTWMJ4KNE20SdMnscs"
      },
      "GenerateUploadUrl": {
        "handler": "s_GenerateUploadUrl.handler",
        "events": [
          {
            "http": {
              "method": "post",
              "path": "todos/{todoId}/attachment",
              "cors": {
                "origin": "*",
                "methods": [
                  "OPTIONS",
                  "POST"
                ],
                "headers": [
                  "Content-Type",
                  "X-Amz-Date",
                  "Authorization",
                  "X-Api-Key",
                  "X-Amz-Security-Token",
                  "X-Amz-User-Agent"
                ],
                "allowCredentials": false
              },
              "authorizer": {
                "name": "Auth",
                "arn": {
                  "$ref": "$[\"service\"][\"provider\"][\"compiledCloudFormationTemplate\"][\"Resources\"][\"AuthLambdaPermissionApiGateway\"][\"Properties\"][\"FunctionName\"]"
                },
                "managedExternally": false,
                "identitySource": "method.request.header.Authorization"
              },
              "integration": "AWS_PROXY"
            }
          }
        ],
        "iamRoleStatementsInherit": true,
        "iamRoleStatements": [
          {
            "$ref": "$[\"service\"][\"provider\"][\"compiledCloudFormationTemplate\"][\"Resources\"][\"GenerateUploadUrlIamRoleLambdaExecution\"][\"Properties\"][\"Policies\"][0][\"PolicyDocument\"][\"Statement\"][1]"
          },
          {
            "$ref": "$[\"service\"][\"provider\"][\"compiledCloudFormationTemplate\"][\"Resources\"][\"GenerateUploadUrlIamRoleLambdaExecution\"][\"Properties\"][\"Policies\"][0][\"PolicyDocument\"][\"Statement\"][2]"
          },
          {
            "$ref": "$[\"service\"][\"provider\"][\"compiledCloudFormationTemplate\"][\"Resources\"][\"GenerateUploadUrlIamRoleLambdaExecution\"][\"Properties\"][\"Policies\"][0][\"PolicyDocument\"][\"Statement\"][3]"
          }
        ],
        "name": "serverless-todo-app-dev-GenerateUploadUrl",
        "package": {
          "artifact": ".serverless/serverless-todo-app.zip"
        },
        "memory": 1024,
        "timeout": 6,
        "runtime": "nodejs12.x",
        "vpc": {},
        "versionLogicalId": "GenerateUploadUrlLambdaVersion5u5Uhggryo3NE78OlgQwilKsSWOAGiO4BmCGAdAlc"
      }
    },
    "resources": {
      "Resources": {
        "GatewayResponseDefault4XX": {
          "Type": "AWS::ApiGateway::GatewayResponse",
          "Properties": {
            "ResponseParameters": {
              "gatewayresponse.header.Access-Control-Allow-Origin": "'*'",
              "gatewayresponse.header.Access-Control-Allow-Headers": "'Content-Type,X-Amz-Date,Authorization,X-Api-Key,X-Amz-Security-Token'",
              "gatewayresponse.header.Access-Control-Allow-Methods": "'GET,OPTIONS,POST,PUT,DELETE'"
            },
            "ResponseType": "DEFAULT_4XX",
            "RestApiId": {
              "Ref": "ApiGatewayRestApi"
            }
          }
        },
        "TodosTable": {
          "Type": "AWS::DynamoDB::Table",
          "Properties": {
            "AttributeDefinitions": [
              {
                "AttributeName": "todoId",
                "AttributeType": "S"
              },
              {
                "AttributeName": "userId",
                "AttributeType": "S"
              },
              {
                "AttributeName": "createdAt",
                "AttributeType": "S"
              }
            ],
            "KeySchema": [
              {
                "AttributeName": "userId",
                "KeyType": "HASH"
              },
              {
                "AttributeName": "todoId",
                "KeyType": "RANGE"
              }
            ],
            "BillingMode": "PAY_PER_REQUEST",
            "TableName": "TodosDB-dev",
            "LocalSecondaryIndexes": [
              {
                "IndexName": "CreatedAtIndex",
                "KeySchema": [
                  {
                    "AttributeName": "userId",
                    "KeyType": "HASH"
                  },
                  {
                    "AttributeName": "createdAt",
                    "KeyType": "RANGE"
                  }
                ],
                "Projection": {
                  "ProjectionType": "ALL"
                }
              }
            ]
          }
        },
        "AttachmentsBucket": {
          "Type": "AWS::S3::Bucket",
          "Properties": {
            "BucketName": "ganeshkasi-serverless-bucket-dev",
            "AccessControl": "PublicRead",
            "CorsConfiguration": {
              "CorsRules": [
                {
                  "AllowedOrigins": [
                    "*"
                  ],
                  "AllowedHeaders": [
                    "*"
                  ],
                  "AllowedMethods": [
                    "GET",
                    "PUT",
                    "POST",
                    "DELETE",
                    "HEAD"
                  ],
                  "MaxAge": 3000
                }
              ]
            }
          }
        },
        "BucketPolicy": {
          "Type": "AWS::S3::BucketPolicy",
          "Properties": {
            "PolicyDocument": {
              "Id": "MyPolicy",
              "Version": "2012-10-17",
              "Statement": [
                {
                  "Sid": "PublicReadForGetBucketObjects",
                  "Effect": "Allow",
                  "Principal": "*",
                  "Action": "s3:GetObject",
                  "Resource": "arn:aws:s3:::ganeshkasi-serverless-bucket-dev/*"
                }
              ]
            },
            "Bucket": {
              "Ref": "AttachmentsBucket"
            }
          }
        },
        "RequestBodyValidator": {
          "Type": "AWS::ApiGateway::RequestValidator",
          "Properties": {
            "Name": "request-body-validator",
            "RestApiId": {
              "Ref": "ApiGatewayRestApi"
            },
            "ValidateRequestBody": true,
            "ValidateRequestParameters": false
          }
        }
      },
      "Outputs": {}
    },
    "configValidationMode": "warn",
    "serviceFilename": "serverless.yml",
    "initialServerlessConfig": {
      "org": "ganeshkasi",
      "app": "serverless-todo-app",
      "service": {
        "$ref": "$[\"service\"][\"serviceObject\"]"
      },
      "plugins": {
        "$ref": "$[\"service\"][\"plugins\"]"
      },
      "provider": {
        "$ref": "$[\"service\"][\"provider\"]"
      },
      "functions": {
        "$ref": "$[\"service\"][\"functions\"]"
      },
      "resources": {
        "$ref": "$[\"service\"][\"resources\"]"
      }
    },
    "app": "serverless-todo-app",
    "org": "ganeshkasi",
    "layers": {},
    "isDashboardMonitoringPreconfigured": true,
    "isDashboardAppPreconfigured": true,
    "orgUid": "84f9da97-9f16-42bd-802b-57953235c843",
    "appUid": "vvYd1qg46H1XDjzhMv"
  },
  "package": {
    "artifactDirectoryName": "serverless/serverless-todo-app/dev/1672741895057-2023-01-03T10:31:35.057Z",
    "artifact": ""
  }
}